n_h0,n_h1,mean_persistence_h0,mean_persistence_h1,cluster,n_cells
1180,1303,1.9340104567802558,0.1570912249163308,0,1181
638,539,2.6956126203170765,0.22615572627709837,1,639
426,331,3.1167847989870348,0.2852285923914607,2,427
341,295,2.385915467990808,0.20623718520342293,3,342
35,11,3.9863608394350325,0.3227989673614502,4,36
12,1,11.575631697972616,0.6420488357543945,5,13
